Cell_Index,Row,Column,Original_Current,Equalized_Current
1,0,0,24.752005581404124,24.70821485177855
2,0,1,25.84828029507939,24.70821485177855
3,0,2,24.951621824232898,24.70821485177855
4,1,0,24.70821485177855,24.70821485177855
5,1,1,25.744901722262824,24.70821485177855
6,1,2,25.009207847060004,24.70821485177855
7,2,0,24.821109085384226,24.70821485177855
8,2,1,25.01439786402434,24.70821485177855
9,2,2,24.862983172658556,24.70821485177855
